1,中国石化加油站(北京站),116.422854,39.903992,2026/1/8 15:42:28,北京
2,中化道达尔北邮加油站,116.401663,39.886957,2026/1/8 15:42:28,北京
3,中国石化宣武门加油站,116.378686,39.899740,2026/1/8 15:42:28,北京
4,中国石化朝阳日坛加油站,116.440572,39.911988,2026/1/8 15:42:28,北京
5,中国石化景山加油站,116.397447,39.928617,2026/1/8 15:42:28,北京
6,中国石油北汽宣武门加油站,116.373164,39.899202,2026/1/8 15:42:28,北京
7,中国石油首汽4号加油站,116.445718,39.906793,2026/1/8 15:42:28,北京
8,中国石油天坛东路加油站,116.421799,39.876659,2026/1/8 15:42:28,北京
9,中国石化平安大街加油站,116.386616,39.932911,2026/1/8 15:42:28,北京
10,中国石化天利加油站,116.410228,39.871657,2026/1/8 15:42:28,北京
11,中国石化金融街加油站,116.362760,39.912301,2026/1/8 15:42:28,北京
12,陶然桥加油站,116.383535,39.871810,2026/1/8 15:42:28,北京
13,中国石油南下路加油站,116.373720,39.877369,2026/1/8 15:42:28,北京
14,中国石化加油站(大立站),116.439707,39.876121,2026/1/8 15:42:28,北京
15,中国石化东大桥加油站,116.453193,39.921796,2026/1/8 15:42:28,北京
16,中国石化牛街加油站,116.364020,39.882715,2026/1/8 15:42:28,北京
17,中国石化劲松加油站,116.446802,39.878507,2026/1/8 15:42:28,北京
18,中国石化方庄加油站,116.424852,39.865334,2026/1/8 15:42:28,北京
19,中国石油月坛加油站,116.356096,39.916342,2026/1/8 15:42:28,北京
20,中国石化西便门加油站,116.347925,39.899217,2026/1/8 15:42:28,北京
21,中国石油北汽安定门加油站,116.406056,39.949516,2026/1/8 15:42:28,北京
22,中国石油安燕加油站,116.411402,39.949570,2026/1/8 15:42:28,北京
23,鑫垚金地加油站,116.419879,39.856624,2026/1/8 15:42:28,北京
24,中国石化快洁加油站,116.470112,39.892908,2026/1/8 15:42:28,北京
25,中国石油光华路加油站,116.472048,39.913838,2026/1/8 15:42:28,北京
26,中国石化白家庄加油站,116.464814,39.928711,2026/1/8 15:42:28,北京
27,中国石油右安门加油站,116.362512,39.868389,2026/1/8 15:42:28,北京
28,中化石油北京朝阳加油站,116.456225,39.872096,2026/1/8 15:42:28,北京
29,中国石化展览路加油站(外交学院西门),116.344462,39.927019,2026/1/8 15:42:28,北京
30,中国石化太平湖加油站,116.365814,39.947011,2026/1/8 15:42:28,北京
31,壳牌石五联加油站,116.476890,39.898824,2026/1/8 15:42:28,北京
32,中国石化成寿寺加油站,116.443679,39.858392,2026/1/8 15:42:28,北京
33,鑫福海加油站,116.401298,39.849872,2026/1/8 15:42:28,北京
34,中国石化十里河加油站,116.461465,39.868367,2026/1/8 15:42:28,北京
35,中国海油协和石油加油站(右安门站),116.364911,39.864016,2026/1/8 15:42:28,北京
36,中国石化和平里加油站,116.411728,39.959437,2026/1/8 15:42:28,北京
37,中国石化安顺成加油站,116.348464,39.875196,2026/1/8 15:42:28,北京
38,中国石油首汽6号加油站,116.453947,39.948898,2026/1/8 15:42:28,北京
39,中国石化于家坟加油站,116.433802,39.852533,2026/1/8 15:42:28,北京
40,中国石化盛秋加油站,116.476916,39.890985,2026/1/8 15:42:28,北京
41,广外加油站,116.335877,39.889312,2026/1/8 15:42:28,北京
42,中国石油广铁兆元加油站,116.341840,39.882679,2026/1/8 15:42:28,北京
43,中国石油柳荫加油站,116.405259,39.959114,2026/1/8 15:42:28,北京
44,中国石化分钟寺加油站,116.447014,39.859485,2026/1/8 15:42:28,北京
45,中国石化富友加油站,116.405777,39.961364,2026/1/8 15:42:28,北京
46,中国石油滨河加油站,116.349717,39.874861,2026/1/8 15:42:28,北京
47,中国石化京铁诚信加油站,116.365906,39.855672,2026/1/8 15:42:28,北京
48,中国石化左家庄加油站,116.449444,39.955726,2026/1/8 15:42:28,北京
49,中国石油燕鑫兆元加油站,116.484177,39.900796,2026/1/8 15:42:28,北京
50,中国石化海淀实华加油站,116.361793,39.956103,2026/1/8 15:42:28,北京
51,中国石化丰华加油站,116.387787,39.842762,2026/1/8 15:42:28,北京
52,中化道达尔鑫马加油站,116.454002,39.853427,2026/1/8 15:42:28,北京
53,亚源加油站,116.357928,39.854106,2026/1/8 15:42:28,北京
54,中国石油北汽石榴庄加油站,116.417462,39.842675,2026/1/8 15:42:28,北京
55,中国石化正兴加油站,116.339661,39.868613,2026/1/8 15:42:28,北京
56,中化道达尔日新京天加油站,116.485152,39.876553,2026/1/8 15:42:28,北京
57,中国石化石银加油站,116.463277,39.856694,2026/1/8 15:42:28,北京
58,众生中油观柳加油站,116.488580,39.881966,2026/1/8 15:42:28,北京
59,中国石化燕鑫加油站,116.474513,39.945853,2026/1/8 15:42:28,北京
60,中国石化万泉寺加油站,116.345955,39.857045,2026/1/8 15:42:28,北京
61,北京石运加油站,116.325154,39.886634,2026/1/8 15:42:29,北京
62,中国石化草桥加油站,116.350309,39.851737,2026/1/8 15:42:29,北京
63,中国石化化工路加油站,116.492550,39.881147,2026/1/8 15:42:29,北京
64,中国石油鑫兆元加油站,116.404286,39.835776,2026/1/8 15:42:29,北京
65,大郊亭石化加油站,116.499014,39.893569,2026/1/8 15:42:29,北京
66,中国石油天诚金龙加油站,116.446309,39.840579,2026/1/8 15:42:29,北京
67,中国石化左安东路加油站,116.488426,39.871769,2026/1/8 15:42:29,北京
68,中国石油首汽加油站,116.379454,39.834326,2026/1/8 15:42:29,北京
69,中国石化姚家园加油站,116.493863,39.933523,2026/1/8 15:42:29,北京
70,十八里店石油加油站,116.477490,39.855053,2026/1/8 15:42:29,北京
71,中国石油首汽2号加油站,116.319507,39.938515,2026/1/8 15:42:29,北京
72,中国海油海源加油站,116.387549,39.832829,2026/1/8 15:42:29,北京
73,中国石油首汽8号加油站,116.468272,39.961417,2026/1/8 15:42:29,北京
74,中国石化兆元加油站,116.495703,39.934772,2026/1/8 15:42:29,北京
75,中国石化祁家豁子加油站,116.381672,39.978188,2026/1/8 15:42:29,北京
76,中国石化六里桥加油站,116.309851,39.888728,2026/1/8 15:42:29,北京
77,北京强安加油站,116.380790,39.975588,2026/1/8 15:42:29,北京
78,瑞洁加油站,116.376803,39.976452,2026/1/8 15:42:29,北京
79,中国石化丰玉泉加油站,116.347741,39.843112,2026/1/8 15:42:29,北京
80,中名加油站,116.380563,39.978076,2026/1/8 15:42:29,北京
81,中国石化小武基加油站,116.493439,39.863852,2026/1/8 15:42:29,北京
82,中国石油首汽9号加油站,116.469121,39.963286,2026/1/8 15:42:29,北京
83,中国石化实润加油站,116.484339,39.956150,2026/1/8 15:42:29,北京
84,中国石油首汽7号加油站,116.482236,39.957232,2026/1/8 15:42:29,北京
85,中国石化甘露加油站,116.509892,39.916513,2026/1/8 15:42:29,北京
86,大桥石化豆各庄加油站,116.502471,39.936933,2026/1/8 15:42:29,北京
87,小海豚加油站(小红门站),116.461453,39.834182,2026/1/8 15:42:29,北京
88,中国石油鑫翠微加油站,116.303556,39.913352,2026/1/8 15:42:29,北京
89,中国石化南辛庄加油站,116.451970,39.832007,2026/1/8 15:42:29,北京
90,中国石化太阳宫加油站,116.453119,39.978043,2026/1/8 15:42:29,北京
91,中化道达尔东坝河加油站,116.466116,39.972191,2026/1/8 15:42:29,北京
92,龙瑞森加油站(十八里店站),116.485766,39.848086,2026/1/8 15:42:29,北京
93,中国石化十八里店加油站,116.477300,39.841094,2026/1/8 15:42:29,北京
94,首发能源-京成加油站(内环),116.489405,39.951943,2026/1/8 15:42:29,北京
95,北京捷快达加油站,116.328742,39.848459,2026/1/8 15:42:29,北京
96,首发能源-京成加油站(外环),116.490070,39.951716,2026/1/8 15:42:29,北京
97,中化石油北京首石缘加油站,116.309578,39.938119,2026/1/8 15:42:29,北京
98,东营石油加油站,116.472944,39.839362,2026/1/8 15:42:29,北京
99,广渠东路加油站,116.512992,39.891869,2026/1/8 15:42:29,北京
100,中国石油龙江奔达加油站,116.325434,39.850860,2026/1/8 15:42:29,北京
101,能链大柳树加油站,116.509739,39.873881,2026/1/8 15:42:29,北京
102,中国石化博大路加油站,116.472272,39.836919,2026/1/8 15:42:29,北京
103,中国海油北理工加油站,116.322185,39.958271,2026/1/8 15:42:29,北京
104,中国石化青年路加油站,116.515984,39.916697,2026/1/8 15:42:29,北京
105,中国石油南湖加油站,116.457700,39.979842,2026/1/8 15:42:29,北京
106,众生中油霄云桥加油站,116.477734,39.966703,2026/1/8 15:42:29,北京
107,丰管路加油站,116.314345,39.857739,2026/1/8 15:42:29,北京
108,珊瑚桥加油站,116.452151,39.826219,2026/1/8 15:42:29,北京
109,中国石化亚运加油站,116.429453,39.988564,2026/1/8 15:42:29,北京
110,首发能源加油站,116.384815,39.987601,2026/1/8 15:42:29,北京
111,中化石油吉利望京加油站,116.454051,39.982223,2026/1/8 15:42:29,北京
112,中国石化酒仙桥加油站,116.484517,39.967841,2026/1/8 15:42:29,北京
113,中油随时广开源加油站,116.447608,39.986528,2026/1/8 15:42:29,北京
114,中国石化台宜加油站,116.297595,39.879644,2026/1/8 15:42:29,北京
115,三元石油和义加油站,116.399858,39.817088,2026/1/8 15:42:29,北京
116,龙瑞森加油站,116.485811,39.848126,2026/1/8 15:42:29,北京
117,中国石化京石房加油站,116.423601,39.991124,2026/1/8 15:42:29,北京
118,北京珊瑚路加油站,116.453155,39.822045,2026/1/8 15:42:29,北京
119,四元石化加油站,116.472681,39.978358,2026/1/8 15:42:29,北京
120,腾远加油站,116.497590,39.960678,2026/1/8 15:42:29,北京
121,中国石化柳村南加油站,116.328054,39.830378,2026/1/8 15:42:30,北京
122,中国石化观音堂西加油站,116.547625,39.887474,2026/1/8 15:42:30,北京
123,中国石化裕翠加油站,116.282867,39.917996,2026/1/8 15:42:30,北京
124,中国石化中关村加油站,116.317146,39.982234,2026/1/8 15:42:30,北京
125,多美多加油站,116.374132,39.993503,2026/1/8 15:42:30,北京
126,中国国际能源加油站(小红门站),116.454368,39.817773,2026/1/8 15:42:30,北京
127,靛厂路加油站,116.280501,39.890039,2026/1/8 15:42:30,北京
128,中国石油京胜望京南加油站,116.482329,40.013817,2026/1/8 15:42:30,北京
129,中国石化西黄庄加油站,116.276872,39.953217,2026/1/8 15:42:30,北京
130,中国石化北苑路加油站,116.416518,39.993987,2026/1/8 15:42:30,北京
131,燕港石化特许加盟加油站,116.335568,39.976968,2026/1/8 15:42:30,北京
132,中化石油向阳加油站,116.499821,39.818666,2026/1/8 15:42:30,北京
133,壳牌加油站(槐房路站),116.377391,39.811664,2026/1/8 15:42:30,北京
134,中国石油京胜望京北加油站,116.485318,40.013929,2026/1/8 15:42:30,北京
135,中国国际能源朝平加油站,116.527392,39.924152,2026/1/8 15:42:30,北京
136,中国石油科大方兴加油站,116.355616,39.993173,2026/1/8 15:42:30,北京
137,中国石化平房加油站,116.542992,39.943397,2026/1/8 15:42:30,北京
138,翠泉加油站,116.288703,39.947889,2026/1/8 15:42:30,北京
139,中国石化加油站,116.300796,39.842088,2026/1/8 15:42:30,北京
140,中国石化大山子加油站,116.489179,39.978936,2026/1/8 15:42:30,北京
141,中国石化望京新城加油站,116.472272,40.001308,2026/1/8 15:42:30,北京
142,中国石化华运达加油站,116.538016,39.915710,2026/1/8 15:42:30,北京
143,北京京西三兴加油站,116.274651,39.881564,2026/1/8 15:42:30,北京
144,中国石油石大第一加油站,116.404001,40.002947,2026/1/8 15:42:30,北京
145,中国石化中旅望京加油站,116.465592,39.997576,2026/1/8 15:42:30,北京
146,中国石化五环加油站,116.436601,40.022440,2026/1/8 15:42:30,北京
147,中国石化海淀京铁加油站,116.332547,39.990650,2026/1/8 15:42:30,北京
148,中国石化益鸣加油站,116.519181,39.857496,2026/1/8 15:42:30,北京
149,中国国际能源北京清润加油站,116.352705,40.016822,2026/1/8 15:42:30,北京
150,众生中油加油站,116.312688,39.825849,2026/1/8 15:42:30,北京
151,中国石化京林加油站,116.347229,40.001199,2026/1/8 15:42:30,北京
152,中国石化京实永发加油站,116.418064,40.003367,2026/1/8 15:42:30,北京
153,中化石油樊家村形象授权加油站,116.310015,39.837839,2026/1/8 15:42:30,北京
154,中国石化石富丰加油站,116.286026,39.837144,2026/1/8 15:42:30,北京
155,中国石油中博加油站,116.527426,39.940920,2026/1/8 15:42:30,北京
156,中国石油北汽大屯加油站,116.420914,40.002233,2026/1/8 15:42:30,北京
157,壳牌旺平东加油站,116.546591,39.949956,2026/1/8 15:42:30,北京
158,中国石化永定路加油站,116.262250,39.906837,2026/1/8 15:42:30,北京
159,中国石化国凯加油站,116.468496,39.812302,2026/1/8 15:42:30,北京
160,中化道达尔新发地加油站,116.341936,39.822566,2026/1/8 15:42:30,北京
161,众生中油阜石路加油站,116.266558,39.923700,2026/1/8 15:42:31,北京
162,首发能源-京胜加油站(内环),116.274447,39.886850,2026/1/8 15:42:31,北京
163,中国石油亦庄加油站,116.506949,39.814104,2026/1/8 15:42:31,北京
164,中国石化东储加油站,116.424653,39.996841,2026/1/8 15:42:31,北京
165,中国石化柳村北加油站,116.337953,39.831026,2026/1/8 15:42:31,北京
166,中国石油北汽酒仙桥加油站,116.499972,39.973985,2026/1/8 15:42:31,北京
167,中国石化大华加油站,116.351735,40.010905,2026/1/8 15:42:31,北京
168,北京壳牌富丰加油站,116.284460,39.836900,2026/1/8 15:42:31,北京
169,中国石化昆明湖加油站,116.279259,39.975062,2026/1/8 15:42:31,北京
170,中国石油朝普加油站,116.530298,39.917441,2026/1/8 15:42:31,北京
171,北方加油站,116.230919,39.893769,2026/1/8 15:42:31,北京
172,天盛加油站,116.569027,39.809798,2026/1/8 15:42:31,北京
173,中国石油北汽多时捷加油站,116.454850,39.819246,2026/1/8 15:42:31,北京
174,北京丰台丰胜加油站,116.245406,39.890082,2026/1/8 15:42:31,北京
175,中国石化元乾元加油站,116.265037,39.872144,2026/1/8 15:42:31,北京
176,中国石油开研加油站,116.505056,39.954289,2026/1/8 15:42:31,北京
177,中国石化广泽桥加油站,116.478727,40.013808,2026/1/8 15:42:31,北京
178,中国石化石美泉加油站,116.248447,39.897597,2026/1/8 15:42:31,北京
179,中国石化横街子加油站,116.506917,39.827631,2026/1/8 15:42:31,北京
180,中国石化田村加油站,116.260180,39.931422,2026/1/8 15:42:31,北京
181,中国石化北京朝阳城市联建加油站,116.554072,39.868264,2026/1/8 15:42:31,北京
182,中化石油吉利北苑加油站,116.417155,40.024105,2026/1/8 15:42:31,北京
183,中国石化嘉创路加油站,116.542949,39.824385,2026/1/8 15:42:31,北京
184,中国石化丰北加油站,116.281632,39.868086,2026/1/8 15:42:31,北京
185,中国石化陈留加油站,116.336172,39.802468,2026/1/8 15:42:31,北京
186,中国石化中垦丰南加油站,116.345831,39.814704,2026/1/8 15:42:31,北京
187,中国石化盛磊喜利加油站,116.542545,39.920479,2026/1/8 15:42:31,北京
188,壳牌新颖新加油站,116.244929,39.907959,2026/1/8 15:42:31,北京
189,三元石油北沙滩加油站,116.367919,40.005178,2026/1/8 15:42:31,北京
190,中国石化中南星加油站,116.419147,39.787285,2026/1/8 15:42:31,北京
191,中化道达尔北京台基顺加油站,116.348025,39.799279,2026/1/8 15:42:31,北京
192,中国石化西直河加油站,116.527331,39.850703,2026/1/8 15:42:31,北京
193,中国石油盛华盛加油站,116.543841,39.868462,2026/1/8 15:42:31,北京
194,中国石油北苑加油站,116.441134,40.027744,2026/1/8 15:42:31,北京
195,中国石油航天北葡加油站,116.257525,39.924789,2026/1/8 15:42:31,北京
196,三间房东路加油站,116.577678,39.917580,2026/1/8 15:42:31,北京
197,中国石化安宁庄加油站,116.320494,40.049008,2026/1/8 15:42:31,北京
198,中国石化羊坊北加油站,116.412294,40.040818,2026/1/8 15:42:31,北京
199,中化道达尔北京北沙滩加油站,116.360932,40.011961,2026/1/8 15:42:31,北京
200,中化道达尔北京中北孚星加油站,116.516343,40.012330,2026/1/8 15:42:31,北京
201,中国石化鲁谷加油站,116.209803,39.904105,2026/1/8 15:42:31,北京
202,众生中油万玉加油站,116.273998,39.970723,2026/1/8 15:42:31,北京
203,中国石化科创街加油站,116.559524,39.800812,2026/1/8 15:42:31,北京
204,三元石油旧宫加油站,116.451921,39.806881,2026/1/8 15:42:31,北京
205,中国石化佳兴加油站,116.336574,40.017604,2026/1/8 15:42:31,北京
206,中国石化郁花园加油站,116.331162,39.775657,2026/1/8 15:42:31,北京
207,中国国际能源万特加油站,116.269155,39.867693,2026/1/8 15:42:31,北京
208,中国石化三海加油站(阜石路辅路),116.208288,39.925308,2026/1/8 15:42:31,北京
209,国能石油永中路加油站,116.552780,39.866520,2026/1/8 15:42:31,北京
210,看丹加油站,116.267283,39.838266,2026/1/8 15:42:31,北京
211,中国石化管庄加油站,116.576245,39.911305,2026/1/8 15:42:31,北京
212,中国石化天通苑加油站,116.413943,40.068449,2026/1/8 15:42:31,北京
213,中国石油特许加盟石京源加油站,116.200882,39.889595,2026/1/8 15:42:31,北京
214,壳牌加油站(小营站),116.334880,40.035953,2026/1/8 15:42:31,北京
215,三元石油亦庄加油站,116.449846,39.817560,2026/1/8 15:42:31,北京
216,中国石化玉泉加油站,116.257155,39.973896,2026/1/8 15:42:31,北京
217,中国石化德利发加油站,116.378087,39.797903,2026/1/8 15:42:31,北京
218,中国石油鑫邦达加油站,116.520547,39.798973,2026/1/8 15:42:31,北京
219,北京丰台加油站,116.260251,39.849993,2026/1/8 15:42:31,北京
220,晓龙石油加油站,116.253549,39.879544,2026/1/8 15:42:31,北京
542,中国石油南平庄加油站,116.244425,39.947231,2026/1/8 15:49:39,北京朝阳区
543,中国石化燕广海加油站,116.231955,39.891717,2026/1/8 15:49:39,北京朝阳区
544,中国石化八大处加油站,116.213524,39.933090,2026/1/8 15:49:39,北京朝阳区
545,中国石化田村山北加油站,116.238727,39.926499,2026/1/8 15:49:39,北京朝阳区
691,中国石油庆轩加油站,116.450605,40.020724,2026/1/8 15:54:00,北京
692,中国石油来广营加油站,116.461492,40.023926,2026/1/8 15:54:00,北京
693,中国石油常营加油站,116.582499,39.923999,2026/1/8 15:54:00,北京
694,中国石油神树加油站,116.536158,39.824082,2026/1/8 15:54:00,北京
695,中国石油建宏发加油站,116.247018,39.869081,2026/1/8 15:54:00,北京
696,中国石油安驰加油站,116.333871,39.800835,2026/1/8 15:54:00,北京
697,中国石油北汽北郊加油站,116.339184,40.046293,2026/1/8 15:54:00,北京
698,中国石油加油站(花乡盛丰明站),116.313355,39.800592,2026/1/8 15:54:00,北京
699,中国石油兴业加油站,116.251589,39.947542,2026/1/8 15:54:00,北京
700,中国石油特许加盟地矿立水桥加油站,116.417494,40.059644,2026/1/8 15:54:00,北京
701,中国石油奥东加油站,116.506110,40.024271,2026/1/8 15:54:00,北京
702,中国石油富华兆元加油站,116.566837,39.806895,2026/1/8 15:54:00,北京
703,中国石油晓景加油站,116.589593,39.940654,2026/1/8 15:54:00,北京
704,中国石油京胜小羊坊西加油站,116.517948,39.826932,2026/1/8 15:54:00,北京
705,中国石油广仟达加油站,116.285421,39.804544,2026/1/8 15:54:00,北京
706,中国石油首汽10号加油站,116.528103,40.031218,2026/1/8 15:54:00,北京
707,中国石油兴福加油站,116.342284,39.758837,2026/1/8 15:54:00,北京
708,中国石油施惠达加油站,116.377255,39.763673,2026/1/8 15:54:00,北京
709,中国石油新景都市加油站,116.333511,40.050951,2026/1/8 15:54:00,北京
710,中国石油永定林加油站,116.185241,39.890982,2026/1/8 15:54:00,北京
711,中国石油前苇沟加油站,116.555392,40.025528,2026/1/8 15:54:00,北京
712,中国石油通安加油站,116.556073,39.775413,2026/1/8 15:54:00,北京
713,中国石油飞达加油站,116.294687,39.779788,2026/1/8 15:54:00,北京
714,中国石油兴海源加油站,116.401406,39.751916,2026/1/8 15:54:00,北京
715,中国石油城建兴发加油站,116.338913,40.058479,2026/1/8 15:54:00,北京
716,中国石油京胜小羊坊东加油站,116.518564,39.826433,2026/1/8 15:54:00,北京
717,中国石油安岛加油站,116.531033,40.039101,2026/1/8 15:54:00,北京
718,中国石油慧普山根加油站,116.207963,39.974152,2026/1/8 15:54:00,北京
719,中国石油马驹桥加油站,116.559609,39.750993,2026/1/8 15:54:00,北京
720,中国石油慧普苗圃加油站,116.217412,39.968828,2026/1/8 15:54:00,北京
721,中国石油富多鑫加油站,116.345723,39.742051,2026/1/8 15:54:00,北京
722,中国石油华荣加油站,116.380027,39.742713,2026/1/8 15:54:00,北京
723,中国石油天成桥加油站,116.636979,39.918762,2026/1/8 15:54:00,北京
724,中国石油环美加油站(暂停营业),116.196437,39.928719,2026/1/8 15:54:00,北京
725,中国石油回龙观加油站,116.314309,40.072629,2026/1/8 15:54:00,北京
726,中国石油旺泰宏达加油站,116.586879,40.002881,2026/1/8 15:54:00,北京
727,中国石油首汽12号加油站,116.484296,40.094845,2026/1/8 15:54:00,北京
728,中国石油南宫加油站,116.462537,39.727729,2026/1/8 15:54:00,北京
729,中国石油燃料油加油站,116.208646,39.821254,2026/1/8 15:54:00,北京
730,中国石油慧普京东长江加油站,116.659202,39.850896,2026/1/8 15:54:00,北京
731,中国石油中海潮加油站,116.298549,40.096842,2026/1/8 15:54:00,北京
732,中国石油北七家加油站,116.403378,40.114449,2026/1/8 15:54:00,北京
733,中国石油首发能源京胜京沈田家府服务区北加油站,116.668370,39.841674,2026/1/8 15:54:00,北京
734,中国石油中兴石加油站,116.378782,39.723257,2026/1/8 15:54:00,北京
735,中国石油方深加油站,116.690807,39.871446,2026/1/8 15:54:00,北京
736,中国石油燕鹏加油站,116.219634,39.753573,2026/1/8 15:54:00,北京
737,中国石油燕乔加油站,116.693775,39.892923,2026/1/8 15:54:00,北京
738,中国石油京胜京开西加油站,116.325660,39.681874,2026/1/8 15:54:00,北京
739,中国石油首发能源田家府服务区加油站,116.669869,39.840224,2026/1/8 15:54:00,北京
740,中国石油华石加油站,116.115747,39.937221,2026/1/8 15:54:00,北京
741,中国石油念坛加油站,116.357049,39.722378,2026/1/8 15:54:00,北京
742,中国石油力克力多加油站,116.410505,39.693730,2026/1/8 15:54:00,北京
743,中国石油北清路加油站,116.171762,40.067518,2026/1/8 15:54:00,北京
744,中国石油中图长良加油站,116.176853,39.745585,2026/1/8 15:54:00,北京
745,中国石油京胜京开东加油站,116.327179,39.683169,2026/1/8 15:54:00,北京
746,中国石油京密路加油站,116.561744,40.108903,2026/1/8 15:54:00,北京
747,中国石油加油站(进京),116.456227,39.670630,2026/1/8 15:54:00,北京
748,中国石油京东天源加油站,116.703127,39.833832,2026/1/8 15:54:00,北京
749,中国石油新杜社加油站,116.645382,39.748452,2026/1/8 15:54:01,北京
750,中国石油新大加油站,116.218431,39.703110,2026/1/8 15:54:01,北京
751,中国石油北京顺义安顺加油站,116.666956,40.054126,2026/1/8 15:54:01,北京
752,中国石油新昌加油站,116.262702,40.138914,2026/1/8 15:54:01,北京
753,中国石油顺实加油站,116.686864,40.038381,2026/1/8 15:54:01,北京
754,中国石油北方利民加油站,116.569500,40.146015,2026/1/8 15:54:01,北京
755,中国石油万通宝加油站,116.133676,39.743186,2026/1/8 15:54:01,北京
756,中国石油同顺来加油站,116.515143,40.165257,2026/1/8 15:54:01,北京
757,中国石油驰华加油站,116.326185,39.625007,2026/1/8 15:54:01,北京
758,中国石油燕兴达加油站,116.150560,39.715679,2026/1/8 15:54:01,北京
759,中国石油良乡加油站,116.135187,39.719565,2026/1/8 15:54:01,北京
760,中国石油金港加油站,116.117866,39.730285,2026/1/8 15:54:01,北京
761,中国石油魏善庄加油站,116.385941,39.616411,2026/1/8 15:54:01,北京
762,中国石油千石玉加油站,116.100673,39.721323,2026/1/8 15:54:01,北京
763,中国石油首汽20号加油站,116.632046,39.655803,2026/1/8 15:54:01,北京
764,中国石油北京东顺加油站(暂停营业),116.630761,40.163578,2026/1/8 15:54:01,北京
765,中国石油首汽15号加油站,116.040742,39.988304,2026/1/8 15:54:01,北京
766,中国石油石大二号加油站,116.231345,40.199952,2026/1/8 15:54:01,北京
767,中国石油友联加油站,116.777586,39.812206,2026/1/8 15:54:01,北京
768,中国石油凯利加油站,116.780037,39.824932,2026/1/8 15:54:01,北京
769,中国石油北顺意加油站,116.514689,40.210691,2026/1/8 15:54:01,北京
770,中国石油西小营加油站,116.562030,40.191014,2026/1/8 15:54:01,北京
771,中国石油春兴加油站,116.038008,39.765192,2026/1/8 15:54:01,北京
772,中国石油首汽22号加油站,116.726432,40.134610,2026/1/8 15:54:01,北京
773,中国石油李遂加油站,116.750881,40.102208,2026/1/8 15:54:01,北京
774,中国石油欣燕林加油站,116.325267,39.581667,2026/1/8 15:54:01,北京
775,中国石油岳上加油站,116.838776,39.813192,2026/1/8 15:54:01,北京
776,中国石油念坛加油站(首师大学大兴附中东北),116.357092,39.722483,2026/1/8 15:54:01,北京
777,中国石油新旭城加油站,116.069930,39.671315,2026/1/8 15:54:01,北京
778,中国石油华成加油站,116.019069,39.723308,2026/1/8 15:54:01,北京
779,中国石油潮海洋加油站,116.677463,40.212539,2026/1/8 15:54:01,北京
780,中国石油陵石加油站,116.213526,40.243814,2026/1/8 15:54:01,北京
781,中国石油三美加油站,116.877056,39.813474,2026/1/8 15:54:01,北京
782,中国石油顺兴祥加油站,116.795717,40.146638,2026/1/8 15:54:01,北京
783,中国石油庆铁加油站,116.800985,40.148298,2026/1/8 15:54:01,北京
784,中国石油华星加油站,116.323021,39.506397,2026/1/8 15:54:01,北京
785,中国石油西南吕加油站,116.092056,39.600529,2026/1/8 15:54:01,北京
786,中国石油华昌加油站,116.216996,40.262945,2026/1/8 15:54:01,北京
787,中国石油燕兴加油站,116.324582,39.505877,2026/1/8 15:54:01,北京
788,中国石油首汽21号加油站,115.991903,39.654409,2026/1/8 15:54:01,北京
789,中国石油京开高速加油站,116.322484,39.489280,2026/1/8 15:54:01,北京
790,中国石油通达加油站,116.213613,40.280525,2026/1/8 15:54:01,北京
791,中国石油华路怀柔加油站,116.644316,40.300089,2026/1/8 15:54:01,北京
792,中国石油兴龙豹加油站,115.982634,39.681318,2026/1/8 15:54:01,北京
793,中国石油华龙加油站,115.930938,39.649582,2026/1/8 15:54:01,北京
794,中国石油一路发加油站,117.103557,40.522289,2026/1/8 15:54:01,北京
795,中国石油首汽23号加油站,117.064911,40.500037,2026/1/8 15:54:01,北京
796,中国石油首汽19号加油站,117.247274,40.176965,2026/1/8 15:54:01,北京
797,中国石油京福隆加油站,115.876943,40.487561,2026/1/8 15:54:01,北京
798,中国石油金龙加油站,115.988557,40.492583,2026/1/8 15:54:01,北京
799,中国石油东方动力加油站,116.966511,40.407678,2026/1/8 15:54:01,北京
800,中国石油京胜康庄服务区加油站,115.896586,40.358322,2026/1/8 15:54:01,北京
801,中国石油加油站,115.985120,40.434942,2026/1/8 15:54:01,北京
802,中国石油首汽17号加油站,117.123421,40.127848,2026/1/8 15:54:01,北京
803,中国石油远升加油站,117.105055,40.138220,2026/1/8 15:54:01,北京
804,中国石油华路密云加油站(京密路),116.857614,40.372587,2026/1/8 15:54:01,北京
805,中国石油八达岭西加油站,115.953433,40.379168,2026/1/8 15:54:01,北京
806,中国石油八达岭东加油站,115.955092,40.379362,2026/1/8 15:54:01,北京
807,中国石油畅力捷加油站,115.641593,39.944262,2026/1/8 15:54:01,北京
808,中国石油祥威加油站,116.844940,40.360133,2026/1/8 15:54:01,北京
809,中国石油昌延加油站,116.065268,40.422715,2026/1/8 15:54:02,北京
810,中国石油首汽18号加油站,117.017244,40.172920,2026/1/8 15:54:02,北京
811,中国石油金秋旺加油站(金秋旺站),116.824069,40.327839,2026/1/8 15:54:02,北京
812,中国石油华路平谷加油站,117.030712,40.144263,2026/1/8 15:54:02,北京
813,中国石油快鑫加油站,117.036559,40.143757,2026/1/8 15:54:02,北京
814,中国石油利易泰加油站,116.757914,40.336146,2026/1/8 15:54:02,北京
815,中国石油百惠加油站,116.674693,40.324175,2026/1/8 15:54:02,北京
816,中国石油韩村河加油站,115.958186,39.603649,2026/1/8 15:54:02,北京
817,中国石油燕木加油站,116.792129,40.245287,2026/1/8 15:54:02,北京
818,中国石化国兴加油站,116.243700,39.854135,2026/1/8 15:54:25,北京
819,中国石化加油站,116.462103,39.792829,2026/1/8 15:54:25,北京
820,中国石化加油站,116.462590,39.792291,2026/1/8 15:54:25,北京
821,中国石化工业区加油站,116.346979,39.759503,2026/1/8 15:54:26,北京
822,中国石化京侨加油站,116.572375,39.884926,2026/1/8 15:54:26,北京
823,中国石化燕开兴加油站,116.361494,39.793142,2026/1/8 15:54:26,北京
825,中国石化东方加油站,116.379374,39.771319,2026/1/8 15:54:26,北京
826,中国石化红远洋加油站,116.343402,39.765541,2026/1/8 15:54:26,北京
827,中国石化里程加油站,116.617652,39.934961,2026/1/8 15:54:26,北京
828,中国石化崇文门加油站(暂停营业),116.421177,39.900272,2026/1/8 15:54:26,北京
829,中国石化惠忠寺加油站(暂停营业),116.408470,39.996423,2026/1/8 15:54:26,北京
830,中国石化宛丰加油站,116.207901,39.845091,2026/1/8 15:54:26,北京
831,中国石化台金加油站,116.208605,39.838821,2026/1/8 15:54:26,北京
832,中国石化华电加油站,116.528530,39.743028,2026/1/8 15:54:26,北京
833,中国石化长兴加油站,116.173705,39.843194,2026/1/8 15:54:26,北京
834,中国石化华建加油站,116.281949,39.752701,2026/1/8 15:54:26,北京
835,中国石化圆明园西路加油站,116.281928,40.022459,2026/1/8 15:54:27,北京
836,中国石化益特诺加油站,116.535450,39.823830,2026/1/8 15:54:27,北京
837,中国石化赤达加油站,116.320034,39.743897,2026/1/8 15:54:27,北京
838,中国石化八里桥加油站,116.624924,39.905971,2026/1/8 15:54:27,北京
839,中国石化卧佛寺加油站,116.218016,39.993989,2026/1/8 15:54:27,北京
840,中国石化燕海加油站,116.325667,39.736480,2026/1/8 15:54:27,北京
841,中国石化路顺鑫加油站,116.331911,39.724836,2026/1/8 15:54:27,北京
842,中国石化赵辛店加油站,116.196564,39.807065,2026/1/8 15:54:27,北京
843,中国石化中外运加油站,116.253908,39.858742,2026/1/8 15:54:27,北京
844,中国石化霍营京汤加油站,116.411155,40.089415,2026/1/8 15:54:27,北京
845,中国石化惠龙腾加油站,116.463267,40.057089,2026/1/8 15:54:27,北京
846,中国石化世纪燕华加油站,116.522452,40.002688,2026/1/8 15:54:27,北京
847,中国石化宝捷森加油站,116.574135,39.909297,2026/1/8 15:54:27,北京
848,中国石化超强力加油站,116.248000,39.862532,2026/1/8 15:54:27,北京
849,中国石化卫星城加油站,116.345177,39.733304,2026/1/8 15:54:27,北京
850,中国石化香南金穗加油站,116.214134,39.951385,2026/1/8 15:54:27,北京
851,中国石化机场路加油站,116.585122,40.050589,2026/1/8 15:54:27,北京
852,中国石化齐万方加油站,116.332806,39.703946,2026/1/8 15:54:27,北京
853,中国石化广联加油站,116.543175,40.099407,2026/1/8 15:54:27,北京
854,中国石化运河加油站,116.663109,39.892812,2026/1/8 15:54:27,北京
855,中国石化航天加油站,116.269170,40.075340,2026/1/8 15:54:27,北京
856,中国石化大都加油站,116.205540,40.040590,2026/1/8 15:54:27,北京
857,中国石化长库京西加油站,116.108044,39.930492,2026/1/8 15:54:27,北京
858,中国石化亚吉加油站,116.706478,39.888670,2026/1/8 15:54:27,北京
859,中国石化中杲加油站,116.289776,39.696764,2026/1/8 15:54:27,北京
860,中国石化北京朝阳观音堂东加油站,116.548643,39.887542,2026/1/8 15:54:27,北京
861,中国石化综合地质工程加油站,116.089734,39.941289,2026/1/8 15:54:28,北京
862,中国石化大北关加油站,116.697875,39.778261,2026/1/8 15:54:28,北京
863,中国石化李桥西加油站,116.653167,40.054565,2026/1/8 15:54:28,北京
864,中国石化新友加油站,116.653117,39.752983,2026/1/8 15:54:28,北京
865,中国石化燕东加油站,116.196283,39.711671,2026/1/8 15:54:28,北京
866,中国石化赫凯加油站,116.514467,39.766174,2026/1/8 15:54:28,北京
867,中国石化鹿圈加油站,116.495836,39.773190,2026/1/8 15:54:28,北京
868,中国石化崔各庄加油站,116.494813,40.022252,2026/1/8 15:54:28,北京
869,中国石化凯利加油站,116.454641,39.746009,2026/1/8 15:54:28,北京
870,中国石化金星加油站(暂停营业),116.380360,39.771093,2026/1/8 15:54:28,北京
871,中国石化长阳加油站,116.203219,39.752249,2026/1/8 15:54:28,北京
872,中国石化京昌加油站,116.414617,40.097828,2026/1/8 15:54:28,北京
873,中国石化王府加油站,116.407668,40.125927,2026/1/8 15:54:28,北京
874,中国石化通州城关加油站,116.639571,39.919589,2026/1/8 15:54:28,北京
875,中国石化沙河加油站,116.269016,40.128913,2026/1/8 15:54:28,北京
876,中国石化黑燕加油站,116.734434,39.928535,2026/1/8 15:54:28,北京
877,中国石化爱地加油站,116.554438,40.072271,2026/1/8 15:54:28,北京
878,中国石化住海加油站(暂停营业),116.635726,40.034847,2026/1/8 15:54:28,北京
879,中国石化航润加油站,116.628691,40.095182,2026/1/8 15:54:28,北京
880,中国石化顺金运加油站,116.570756,40.119172,2026/1/8 15:54:28,北京
881,中国石化观唐伟业加油站,116.526603,40.034461,2026/1/8 15:54:28,北京
882,中国石化欣怡乐加油站,116.632552,39.891706,2026/1/8 15:54:28,北京
883,中国石化石顺开加油站,116.330357,39.693789,2026/1/8 15:54:28,北京
884,中国石化京榆路加油站,116.746421,39.946215,2026/1/8 15:54:28,北京
885,中国石化永立加油站,116.231577,39.769260,2026/1/8 15:54:28,北京
886,中国石化悦实达加油站,116.168027,39.876602,2026/1/8 15:54:28,北京
887,中国石化北苑加油站,116.637633,39.906297,2026/1/8 15:54:28,北京
888,中国石化中原创业加油站,116.735025,39.931708,2026/1/8 15:54:28,北京
889,中国石化日日兴加油站,116.660808,40.074903,2026/1/8 15:54:28,北京
890,中国石化鑫溢都加油站(暂停营业),116.344514,39.783536,2026/1/8 15:54:28,北京
891,中国石化永昌加油站,116.652739,40.117753,2026/1/8 15:54:28,北京
892,中国石化次渠通惠加油站,116.573240,39.811325,2026/1/8 15:54:28,北京
894,中国石化奥运加油站,116.557697,40.090184,2026/1/8 15:54:28,北京
895,中国石化巩华加油站(暂停营业),116.244993,40.121829,2026/1/8 15:54:28,北京
896,中国石化太平中孚加油站,116.167963,39.722781,2026/1/8 15:54:28,北京
897,中国石化融兴街加油站,116.500395,39.717775,2026/1/8 15:54:28,北京
898,中国石化通州顺兴加油站,116.672340,39.969041,2026/1/8 15:54:28,北京
899,中国石化燕广友加油站,116.127727,39.939343,2026/1/8 15:54:28,北京
900,中国石化华鑫加油站,116.596025,40.036106,2026/1/8 15:54:28,北京
901,中国石化京教加油站,116.687221,39.931145,2026/1/8 15:54:28,北京
902,中国石化五环加油站(爱心驿站),116.436711,40.022578,2026/1/8 15:54:28,北京
903,中国石化滨河路加油站,116.112866,39.931010,2026/1/8 15:54:28,北京
904,中国石化金福龙加油站,116.108619,39.943234,2026/1/8 15:54:28,北京
905,中国石化华京顺加油站,116.620862,40.118078,2026/1/8 15:54:28,北京
906,中国石化温百星加油站,116.155217,40.091800,2026/1/8 15:54:28,北京
907,中国石化新立北加油站,116.275305,39.691296,2026/1/8 15:54:28,北京
908,中国石化后苇沟加油站,116.551784,40.030262,2026/1/8 15:54:28,北京
909,中国石化加油站(双益站),116.268178,39.769075,2026/1/8 15:54:28,北京
910,中国石化北安河加油站,116.136027,40.053310,2026/1/8 15:54:28,北京
911,中国石化军庄加油站,116.093860,39.995139,2026/1/8 15:54:28,北京
912,中国石化富豪福泉加油站,116.661118,39.955946,2026/1/8 15:54:28,北京
913,中国石化黄管屯加油站,116.178773,39.780360,2026/1/8 15:54:28,北京
914,中国石化回龙观加油站,116.313406,40.077395,2026/1/8 15:54:29,北京
915,中国石化年福加油站,116.383928,40.101538,2026/1/8 15:54:29,北京
916,中国石化四海守信加油站,116.321066,39.717734,2026/1/8 15:54:29,北京
917,中国石化龙达加油站,116.514807,39.738796,2026/1/8 15:54:29,北京
918,中国石化长青加油站,116.558076,40.078049,2026/1/8 15:54:29,北京
919,中国石化徐庄加油站,116.645458,39.793687,2026/1/8 15:54:29,北京
920,中国石化京南加油站(暂停营业),116.410896,39.674788,2026/1/8 15:54:29,北京
921,中国石化利兴源加油站,116.402145,39.670477,2026/1/8 15:54:29,北京
922,中国石化半壁店加油站,116.637440,40.035075,2026/1/8 15:54:29,北京
923,中国石化北火垡西加油站,116.647801,39.811131,2026/1/8 15:54:29,北京
924,中国石化燕山路加油站,116.027976,39.721544,2026/1/8 15:54:29,北京
925,中国石化高两河加油站,116.640997,40.287829,2026/1/8 15:54:29,北京
926,中国石化北顺利加油站,116.658077,40.096802,2026/1/8 15:54:29,北京
927,中国石化港通加油站,116.779451,39.830371,2026/1/8 15:54:29,北京
928,中国石化古峰加油站,116.025764,39.974103,2026/1/8 15:54:29,北京
929,中国石化官道加油站,116.149033,39.694712,2026/1/8 15:54:29,北京
930,中国石化张辛加油站,116.677924,40.015208,2026/1/8 15:54:29,北京
931,中国石化李桥东加油站,116.653882,40.054872,2026/1/8 15:54:29,北京
932,中国石化新立北加油站,116.275087,39.691279,2026/1/8 15:54:29,北京
933,中国石化燕体加油站,116.639919,40.178431,2026/1/8 15:54:29,北京
934,中国石化麦辛路加油站,116.460925,40.207853,2026/1/8 15:54:29,北京
935,中国石化九龙加油站,116.712522,40.099761,2026/1/8 15:54:29,北京
936,中国石化沙阳加油站,116.153481,40.131421,2026/1/8 15:54:29,北京
937,中国石化新立南加油站,116.274897,39.690664,2026/1/8 15:54:29,北京
938,中国石化满井加油站,116.257052,40.146421,2026/1/8 15:54:29,北京
939,中国石化凯旋加油站,116.148029,39.729620,2026/1/8 15:54:29,北京
940,中国石化九棵树加油站,116.660626,39.890050,2026/1/8 15:54:29,北京
941,中国石化每天来加油站,116.557953,40.072338,2026/1/8 15:54:29,北京
942,中国石化顺义京航加油站,116.618088,40.043457,2026/1/8 15:54:29,北京
943,中国石化永丰加油站,116.249828,40.059912,2026/1/8 15:54:29,北京
944,中国石化大灰厂加油站,116.118700,39.845485,2026/1/8 15:54:29,北京
945,中国石化德通加油站,116.285584,40.110426,2026/1/8 15:54:29,北京
946,中国石化周家巷南加油站,116.136566,40.062028,2026/1/8 15:54:29,北京
947,中国石化维凯安加油站(良乡西路),116.123065,39.730736,2026/1/8 15:54:29,北京
948,中国石化海洪加油站,116.606899,40.144447,2026/1/8 15:54:29,北京
949,中国石化三阳加油站,116.139943,40.146670,2026/1/8 15:54:29,北京
950,中国石化振铎加油站,116.192036,40.168727,2026/1/8 15:54:29,北京
951,中国石化潮河加油站,116.690745,40.131886,2026/1/8 15:54:29,北京
952,中国石化三间房加油站,116.572485,39.914912,2026/1/8 15:54:29,北京
953,中国石化国普加油站,116.056542,39.705227,2026/1/8 15:54:29,北京
954,中国石化华昌加油站,116.227531,40.199818,2026/1/8 15:54:30,北京
955,中国石化国平加油站,116.864424,40.153884,2026/1/8 15:54:30,北京
956,中国石化胜利桥加油站,115.923699,39.731740,2026/1/8 15:54:30,北京
957,中国石化新兴加油站,115.929281,39.644096,2026/1/8 15:54:30,北京
958,中国石化航桥加油站,116.585917,40.288390,2026/1/8 15:54:30,北京
959,中国石化东风街加油站,115.965955,39.759535,2026/1/8 15:54:30,北京
960,中国石化建飞翔加油站,115.981885,39.656894,2026/1/8 15:54:30,北京
961,中国石化西大桥加油站,116.118004,40.227616,2026/1/8 15:54:30,北京
962,中国石化迎宾园加油站,116.641146,40.301801,2026/1/8 15:54:30,北京
963,中国石化润北加油站,116.800895,40.100294,2026/1/8 15:54:30,北京
964,中国石化周家巷北加油站,116.135674,40.062541,2026/1/8 15:54:30,北京
965,中国石化黄村加油站,116.322938,39.667052,2026/1/8 15:54:30,北京
966,中国石化聚顺通加油站,116.663551,40.058876,2026/1/8 15:54:30,北京
967,中国石化暖风加油站,116.721705,39.862393,2026/1/8 15:54:30,北京
968,中国石化玉泉加油站,116.090837,39.976574,2026/1/8 15:54:30,北京
969,中国石化堡辛加油站,116.725330,39.916471,2026/1/8 15:54:30,北京
970,中国石化百善北加油站,116.322537,40.174538,2026/1/8 15:54:30,北京
971,中国石化通安源加油站,116.786878,39.752437,2026/1/8 15:54:30,北京
972,中国石化昊良加油站,116.154328,39.749862,2026/1/8 15:54:30,北京
973,中国石化上庄加油站,116.215463,40.091728,2026/1/8 15:54:30,北京
974,中国石化杨宋加油站,116.677977,40.300594,2026/1/8 15:54:30,北京
975,中国石化海力加油站,116.531867,40.243773,2026/1/8 15:54:30,北京
976,中国石化昌保加油站,116.207995,40.223581,2026/1/8 15:54:30,北京
977,中国石化三宝加油站,115.979101,39.600674,2026/1/8 15:54:30,北京
978,中国石化绿岛加油站,116.250055,40.226278,2026/1/8 15:54:30,北京
979,中国石化宏通加油站,116.905485,39.805174,2026/1/8 15:54:30,北京
980,中国石化房窑加油站,116.202238,39.641907,2026/1/8 15:54:30,北京
981,中国石化百善南加油站,116.322381,40.174024,2026/1/8 15:54:30,北京
982,中国石化国华分加油站,116.070554,40.177463,2026/1/8 15:54:30,北京
983,中国石化京都生华加油站,116.794519,39.782013,2026/1/8 15:54:30,北京
984,中国石化京福加油站,116.071077,39.723775,2026/1/8 15:54:30,北京
985,中国石化京兰加油站,115.716890,39.979251,2026/1/8 15:54:30,北京
986,中国石化京密路加油站,116.799192,40.357171,2026/1/8 15:54:30,北京
987,中国石化住海三利加油站,116.763322,39.935524,2026/1/8 15:54:30,北京
988,中国石化前渠河加油站,116.530617,40.149067,2026/1/8 15:54:30,北京
989,中国石化东段加油站,116.425462,39.580910,2026/1/8 15:54:30,北京
990,中国石化南环加油站,116.636953,40.309084,2026/1/8 15:54:30,北京
991,中国石化迪生加油站,116.635638,40.264462,2026/1/8 15:54:30,北京
992,中国石化银三角加油站,116.645402,40.237520,2026/1/8 15:54:30,北京
993,中国石化汇万源加油站,116.004469,39.725490,2026/1/8 15:54:30,北京
994,中国石化运兴安加油站,116.039289,39.710713,2026/1/8 15:54:31,北京
995,中国石化华诚加油站,116.032022,39.609350,2026/1/8 15:54:31,北京
996,中国石化海宏加油站(暂停营业),116.657276,39.936788,2026/1/8 15:54:31,北京
997,中国石化宏发加油站,116.423315,39.721788,2026/1/8 15:54:31,北京
998,中国石化长子营加油站,116.592616,39.684221,2026/1/8 15:54:31,北京
999,中国石化昌盛宏海加油站,116.106488,39.687127,2026/1/8 15:54:31,北京
1000,中国石化西关兴昌加油站,116.224120,40.206274,2026/1/8 15:54:31,北京
1001,中国石化顺煤加油站,116.641638,40.121301,2026/1/8 15:54:31,北京
1002,中国石化战备加油站,116.766650,39.936215,2026/1/8 15:54:31,北京
1003,中国石化永乐北加油站,116.812716,39.643456,2026/1/8 15:54:31,北京
1004,中国石化燕府通加油站,115.987008,39.694317,2026/1/8 15:54:31,北京
1005,中国石化北务北加油站,116.833635,40.053961,2026/1/8 15:54:31,北京
1006,中国石化百善宏飞加油站,116.319331,40.169510,2026/1/8 15:54:31,北京
1007,中国石化金燕农良加油站,116.570217,39.661000,2026/1/8 15:54:31,北京
1008,中国石化东升加油站,116.688360,39.757500,2026/1/8 15:54:31,北京
1009,中国石化政宽加油站(内部专用),116.714081,39.906905,2026/1/8 15:54:31,北京
1010,中国石化渠头加油站,116.728422,39.681707,2026/1/8 15:54:31,北京
1011,中国石化山城加油站,116.013462,39.791214,2026/1/8 15:54:31,北京
1012,中国石化燕通加油站,116.771585,39.715182,2026/1/8 15:54:31,北京
1013,中国石化龙祥加油站,116.228396,40.207570,2026/1/8 15:54:31,北京
1014,中国石化顺规加油站,116.629636,40.125032,2026/1/8 15:54:31,北京
1015,中国石化朱庄加油站,116.586609,39.654761,2026/1/8 15:54:31,北京
1016,中国石化京东海苑加油站,116.766423,39.883092,2026/1/8 15:54:31,北京
1017,中国石化银燕加油站,116.594462,40.364316,2026/1/8 15:54:31,北京
1018,中国石化北庄加油站,115.982994,39.713433,2026/1/8 15:54:31,北京
1019,中国石化青山加油站,116.921995,40.100065,2026/1/8 15:54:31,北京
1020,中国石化廊桥加油站,116.783209,39.597020,2026/1/8 15:54:31,北京
1021,中国石化信富加油站,116.651001,40.352099,2026/1/8 15:54:31,北京
1022,中国石化东环加油站,116.644144,40.332481,2026/1/8 15:54:31,北京
1023,中国石化京海润加油站,115.902747,39.585138,2026/1/8 15:54:31,北京
1024,中国石化和裕丰加油站,116.273831,40.186565,2026/1/8 15:54:31,北京
1025,中国石化京良加油站,116.130603,39.712818,2026/1/8 15:54:31,北京
1026,中国石化城西加油站,117.103488,40.145072,2026/1/8 15:54:31,北京
1027,中国石化宏远妫川加油站,116.084002,40.386485,2026/1/8 15:54:31,北京
1028,中国石化东方旺加油站,116.645924,40.313947,2026/1/8 15:54:31,北京
1029,中国石化宏路国加油站,116.170148,40.179214,2026/1/8 15:54:31,北京
1030,中国石化怀丰路加油站,116.690073,40.392390,2026/1/8 15:54:31,北京
1031,中国石化利农加油站,116.714123,40.171180,2026/1/8 15:54:31,北京
1032,中国石化首石通二加油站,116.895853,39.779431,2026/1/8 15:54:31,北京
1033,中国石化雁翅加油站,115.902126,40.036509,2026/1/8 15:54:31,北京
1034,中国石化三联加油站,116.884322,40.119585,2026/1/8 15:54:31,北京
1035,中国石化西关加油站,116.218213,40.216754,2026/1/8 15:54:31,北京
1036,中国石化建民加油站,116.754641,40.212769,2026/1/8 15:54:31,北京
1037,中国石化鑫燕东加油站,116.092128,39.665502,2026/1/8 15:54:31,北京
1038,中国石化新红加油站,115.935179,39.654502,2026/1/8 15:54:31,北京
1039,中国石化燕交加油站,115.984683,39.626044,2026/1/8 15:54:31,北京
1040,中国石化福利加油站,116.326513,39.568299,2026/1/8 15:54:31,北京
1041,中国石化广达加油站,116.802243,40.357315,2026/1/8 15:54:31,北京
1042,中国石化京北加油站(暂停营业),116.111975,40.365382,2026/1/8 15:54:31,北京
1043,中国石化加油站(暂停营业),115.967662,39.719840,2026/1/8 15:54:31,北京
1044,中国石化潭柘寺加油站,116.031897,39.877872,2026/1/8 15:54:31,北京
1045,中国石化顺锦加油站,116.616602,40.155420,2026/1/8 15:54:31,北京
1047,中国石化龙河宫加油站,116.725389,40.122985,2026/1/8 15:54:31,北京
1048,中国石化长沟加油站,115.903910,39.589903,2026/1/8 15:54:31,北京
1049,中国石化大城堡加油站,115.994241,40.474770,2026/1/8 15:54:31,北京
1050,中国石化桥头加油站,116.833583,40.369067,2026/1/8 15:54:31,北京
1051,中国石化汤顺加油站,116.375736,40.174088,2026/1/8 15:54:31,北京
1052,中国石化庆海河加油站,116.831710,40.346265,2026/1/8 15:54:31,北京
1053,中国石化滨河加油站,117.095679,40.135566,2026/1/8 15:54:31,北京
1054,中国石化恩祥加油站,116.240422,40.208456,2026/1/8 15:54:32,北京
1055,中国石化隆泉加油站,116.154681,39.643511,2026/1/8 15:54:32,北京
1056,中国石化东关加油站,116.262130,40.228630,2026/1/8 15:54:32,北京
1057,中国石化永乐南加油站,116.810163,39.643466,2026/1/8 15:54:32,北京
1058,中国石化华顺顺加油站,116.681391,40.132219,2026/1/8 15:54:32,北京
1059,中国石化加油站(暂停营业),116.652237,39.650098,2026/1/8 15:54:32,北京
1060,中国石化杨桥加油站(暂停营业),116.986475,40.145390,2026/1/8 15:54:32,北京
1061,中国石化中怀加油站,116.716635,40.329421,2026/1/8 15:54:32,北京
1062,中国石化大里庄加油站,116.692535,39.641998,2026/1/8 15:54:32,北京
1063,中国石化友盛利达加油站,116.137578,39.606180,2026/1/8 15:54:32,北京
1064,中国石化月月新加油站,116.646680,40.296221,2026/1/8 15:54:32,北京
1065,中国石化凤河营二站加油站,116.692048,39.612507,2026/1/8 15:54:32,北京
1066,中国石化顺发南宫加油站,116.159138,39.800897,2026/1/8 15:54:32,北京
1067,中国石化怀闽加油站,116.725906,40.329504,2026/1/8 15:54:32,北京
1068,中国石化源兴源加油站,116.645165,40.329434,2026/1/8 15:54:32,北京
1069,中国石化太平加油站,116.067996,39.715723,2026/1/8 15:54:32,北京
1070,中国石化西马坡加油站,116.640216,40.163097,2026/1/8 15:54:32,北京
1071,中国石化采育加油站,116.633879,39.644197,2026/1/8 15:54:32,北京
1072,中国石化惠金利达加油站,116.200837,39.610597,2026/1/8 15:54:32,北京
1073,中国石化滨阳加油站,116.858258,40.371682,2026/1/8 15:54:32,北京
1074,中国石化燕北加油站(暂停营业),116.056467,40.425878,2026/1/8 15:54:32,北京
1075,中国石化友谊加油站,116.870808,40.376683,2026/1/8 15:54:32,北京
1076,中国石化双山加油站,115.967632,39.678007,2026/1/8 15:54:32,北京
1077,中国石化广宝惠加油站,116.151505,40.238881,2026/1/8 15:54:32,北京
1078,中国石化深顺达加油站,116.755987,40.138690,2026/1/8 15:54:32,北京
1079,中国石化京宇加油站,117.070920,40.144489,2026/1/8 15:54:32,北京
1080,中国石化燕化加油站(暂停营业),116.076453,39.722298,2026/1/8 15:54:32,北京
1081,中国石化昌平北方加油站,116.232725,40.183640,2026/1/8 15:54:32,北京
1082,中国石化鑫兴加油站,116.328310,39.592309,2026/1/8 15:54:32,北京
1083,中国石化甘棠加油站,116.807271,39.854648,2026/1/8 15:54:32,北京
1084,中国石化礼贤南加油站,116.409331,39.542083,2026/1/8 15:54:32,北京
1085,中国石化京张路加油站,116.000986,40.462900,2026/1/8 15:54:32,北京
1086,中国石化妫河南加油站,115.966334,40.450007,2026/1/8 15:54:32,北京
1087,中国石化金海加油站,117.241359,40.175893,2026/1/8 15:54:32,北京
1088,中国石化于觅路加油站,116.821926,39.707546,2026/1/8 15:54:32,北京
1089,中国石化桃洼昌盛加油站,116.117899,40.231958,2026/1/8 15:54:32,北京
1090,中国石化庙城加油站,116.640538,40.292839,2026/1/8 15:54:32,北京
1091,中国石化龙轩加油站,115.948699,39.822502,2026/1/8 15:54:32,北京
1092,中国石化北园加油站,116.722072,40.176644,2026/1/8 15:54:32,北京
1093,中国石化双利加油站,116.774440,40.244782,2026/1/8 15:54:32,北京
1094,中国石化运政加油站,116.877492,39.813292,2026/1/8 15:54:33,北京
1095,中国石化兴房加油站,115.974117,39.680021,2026/1/8 15:54:33,北京
1096,中国石化琉璃河加油站,116.018404,39.594061,2026/1/8 15:54:33,北京
1097,中国石化天顺加油站,116.939973,40.152707,2026/1/8 15:54:33,北京
1098,中国石化石楼加油站(暂停营业),115.979225,39.646372,2026/1/8 15:54:33,北京
1099,中国石化平安加油站,117.164877,40.125178,2026/1/8 15:54:33,北京
1100,中国石化坨里加油站,116.034120,39.777741,2026/1/8 15:54:33,北京
1101,中国石化太阳港加油站,115.707216,39.578362,2026/1/8 15:54:33,北京
1102,中国石化九渡河桥加油站,116.367611,40.367357,2026/1/8 15:54:33,北京
1103,中国石化顺利龙加油站,116.854844,40.231177,2026/1/8 15:54:33,北京
1104,中国石化金穗加油站(怀柔),116.660092,40.322350,2026/1/8 15:54:33,北京
1105,中国石化欣顺发加油站,116.054225,39.721409,2026/1/8 15:54:33,北京
1106,中国石化京俸伯加油站,116.704118,40.141629,2026/1/8 15:54:33,北京
1107,中国石化北方鑫溪凯旋加油站,116.849582,40.387234,2026/1/8 15:54:33,北京
1108,中国石化西永和屯加油站,116.719231,39.767965,2026/1/8 15:54:33,北京
1109,中国石化房通加油站,116.006234,39.702324,2026/1/8 15:54:33,北京
1110,中国石化四海加油站(暂停营业),116.732655,40.206296,2026/1/8 15:54:33,北京
1111,中国石化燕龙加油站,116.194998,40.225803,2026/1/8 15:54:33,北京
1112,中国石化密平加油站,116.978265,40.297112,2026/1/8 15:54:33,北京
1113,中国石化燕化兴隆加油站,116.044555,40.432311,2026/1/8 15:54:33,北京
1114,中国石化马坊加油站(暂停营业),116.409999,40.143239,2026/1/8 15:54:33,北京
1115,中国石化首石通一分公司加油站,116.893640,39.779910,2026/1/8 15:54:33,北京
1116,中国石化密溪路加油站,116.840976,40.465939,2026/1/8 15:54:33,北京
1117,中国石化燕云加油站,115.843725,39.594161,2026/1/8 15:54:33,北京
1118,中国石化延柏加油站,116.079107,40.528172,2026/1/8 15:54:33,北京
1119,中国石化陈庄加油站,116.166558,40.234094,2026/1/8 15:54:33,北京
1120,中国石化燕谷加油站,117.133779,40.151504,2026/1/8 15:54:33,北京
1121,中国石化白庙加油站,116.766436,39.943338,2026/1/8 15:54:33,北京
1122,中国石化古海城加油站,116.409761,40.530551,2026/1/8 15:54:33,北京
1123,中国石化阎村加油站,116.094934,39.721465,2026/1/8 15:54:33,北京
1124,中国石化聚福锦余加油站,116.703556,39.718250,2026/1/8 15:54:33,北京
1125,中国石化沙坨加油站,116.413899,40.207197,2026/1/8 15:54:33,北京
1126,中国石化刘店加油站,117.021454,40.237324,2026/1/8 15:54:33,北京
1127,中国石化柏春耀加油站,115.972382,40.363095,2026/1/8 15:54:33,北京
1128,中国石化东高村加油站,117.113719,40.098908,2026/1/8 15:54:33,北京
1129,中国石化海达加油站,117.111834,40.154924,2026/1/8 15:54:33,北京
1130,中国石化永飞加油站,116.914779,40.154099,2026/1/8 15:54:33,北京
1131,中国石化苗圃加油站,116.407613,40.162443,2026/1/8 15:54:33,北京
1132,中国石化秋瑞加油站,116.820041,39.675466,2026/1/8 15:54:33,北京
1133,中国石化同义昌加油站(暂停营业),116.821840,40.366347,2026/1/8 15:54:33,北京
1134,中国石化燕鑫通加油站,115.819902,39.550791,2026/1/8 15:54:33,北京
1135,中国石化日兴旺加油站,117.048761,40.209997,2026/1/8 15:54:33,北京
1136,中国石化兴康加油站,115.907096,40.370466,2026/1/8 15:54:33,北京
1137,中国石化中怀加油站,116.716833,40.329494,2026/1/8 15:54:33,北京
1138,中国石化通航加油站,117.188131,40.168830,2026/1/8 15:54:33,北京
1139,中国石化西召加油站,116.115809,39.614598,2026/1/8 15:54:33,北京
1140,中国石化北务南加油站,116.835961,40.052977,2026/1/8 15:54:33,北京
1141,中国石化北京龙之源加油站,116.012675,39.703193,2026/1/8 15:54:33,北京
1142,中国石化兆畅加油站,117.005809,40.140081,2026/1/8 15:54:33,北京
1143,中国石化精丽荣加油站,115.954037,40.426324,2026/1/8 15:54:33,北京
1144,中国石化鑫鑫旺园加油站,115.987434,40.436717,2026/1/8 15:54:33,北京
1145,中国石化台京加油站,117.067885,40.146107,2026/1/8 15:54:33,北京
1146,中国石化固村加油站,116.123806,39.748332,2026/1/8 15:54:33,北京
1147,中国石化八里店加油站,116.032827,40.479317,2026/1/8 15:54:33,北京
1148,中国石化北京房山十渡加油站,115.593271,39.635170,2026/1/8 15:54:34,北京
1149,中国石化燕东兴加油站,117.172243,40.168269,2026/1/8 15:54:34,北京
1150,中国石化甘营加油站,117.224518,40.149662,2026/1/8 15:54:34,北京
1151,中国石化密云顺如意加油站,116.937280,40.398100,2026/1/8 15:54:34,北京
1152,中国石化宏达加油站(暂停营业),117.043754,40.234889,2026/1/8 15:54:34,北京
1153,中国石化卸甲山加油站,116.767413,40.427917,2026/1/8 15:54:34,北京
1154,中国石化永来顺加油站,116.155068,40.527413,2026/1/8 15:54:34,北京
1155,中国石化南太务加油站,117.186333,40.133348,2026/1/8 15:54:34,北京
1156,中国石化华山中原加油站(暂停营业),117.075870,40.283304,2026/1/8 15:54:34,北京
1157,中国石化洲顺达加油站,115.892703,40.376237,2026/1/8 15:54:34,北京
1158,中国石化大峪子加油站,117.051526,40.273762,2026/1/8 15:54:34,北京
1159,中国石化真顺加油站,116.350103,40.219675,2026/1/8 15:54:34,北京
1160,中国石化窦店加油站,116.078632,39.653098,2026/1/8 15:54:34,北京
1161,中国石化潞府加油站(暂停营业),116.844387,39.799206,2026/1/8 15:54:34,北京
1162,中国石化觅康加油站,116.882840,39.719130,2026/1/8 15:54:34,北京
1163,中国石化下屯加油站,116.804637,40.303599,2026/1/8 15:54:34,北京
1164,中国石化延融加油站,115.807312,40.452759,2026/1/8 15:54:34,北京
1165,中国石化靳家堡加油站,115.963035,40.520840,2026/1/8 15:54:34,北京
1166,中国石化日兴加油站,117.141946,40.344684,2026/1/8 15:54:34,北京
1167,中国石化松利新加油站,115.832237,40.468185,2026/1/8 15:54:34,北京
1168,中国石化巨各庄加油站,116.987068,40.364022,2026/1/8 15:54:34,北京
1169,中国石化熊畅加油站,117.133020,40.286635,2026/1/8 15:54:34,北京
1170,中国石化汤河路加油站,116.641099,40.733011,2026/1/8 15:54:34,北京
1171,中国石化一路好运加油站,117.323227,40.638853,2026/1/8 15:54:34,北京
1172,中国石化东方快顺加油站,116.973077,40.563672,2026/1/8 15:54:34,北京
1173,中国石化千家富加油站,116.352193,40.694368,2026/1/8 15:54:34,北京
1174,中国石化太师屯南加油站,117.156627,40.559438,2026/1/8 15:54:34,北京
1175,中国石化科星雁栖加油站,116.622236,40.894072,2026/1/8 15:54:34,北京
1176,中国石化高岭加油站(暂停营业),117.143277,40.595238,2026/1/8 15:54:34,北京
1177,中国石化古北口加油站,117.162586,40.694523,2026/1/8 15:54:34,北京
1178,中国石化鑫宝山加油站,116.579154,40.691923,2026/1/8 15:54:34,北京
1179,中国石化太师屯北加油站,117.154511,40.560672,2026/1/8 15:54:34,北京
1180,中国石化桑园加油站(暂停营业),117.156671,40.576475,2026/1/8 15:54:34,北京
1181,中国石化长久加油站(暂停营业),116.745247,40.792552,2026/1/8 15:54:34,北京
